{"type": "scene", "properties": {"height": 55.43608124253286, "width": 100.0, "baseExtent": [480306.19149597996, 5456692.774457236, 481790.17434649967, 5457515.436395875], "crs": "EPSG:26910", "proj": "+proj=utm +zone=10 +ellps=GRS80 +towgs84=0,0,0,0,0,0,0 +units=m +no_defs", "rotation": 0, "wgs84Center": {"lat": 49.266405103386305, "lon": -123.26050035419752}, "zExaggeration": 1.5, "zShift": 0.0}, "layers": [{"type": "layer", "id": 0, "properties": {"name": "ubcv_building_records", "queryable": 1, "visible": true, "type": "polygon", "objType": "Extruded"}, "data": {"materials": [{"type": 0, "c": 12950258}], "blocks": [{"url": "./data/index/a0.json"}, {"url": "./data/index/a1.json"}, {"url": "./data/index/a2.json"}]}}, {"type": "layer", "id": 1, "properties": {"name": "ubcv_trees", "queryable": 1, "visible": true, "type": "point", "objType": "Sphere"}, "data": {"materials": [{"type": 0, "c": 3586707}], "blocks": [{"url": "./data/index/b0.json"}, {"url": "./data/index/b1.json"}, {"url": "./data/index/b2.json"}, {"url": "./data/index/b3.json"}, {"url": "./data/index/b4.json"}, {"url": "./data/index/b5.json"}, {"url": "./data/index/b6.json"}, {"url": "./data/index/b7.json"}, {"url": "./data/index/b8.json"}, {"url": "./data/index/b9.json"}, {"url": "./data/index/b10.json"}, {"url": "./data/index/b11.json"}, {"url": "./data/index/b12.json"}, {"url": "./data/index/b13.json"}, {"url": "./data/index/b14.json"}, {"url": "./data/index/b15.json"}, {"url": "./data/index/b16.json"}, {"url": "./data/index/b17.json"}, {"url": "./data/index/b18.json"}, {"url": "./data/index/b19.json"}, {"url": "./data/index/b20.json"}, {"url": "./data/index/b21.json"}, {"url": "./data/index/b22.json"}, {"url": "./data/index/b23.json"}, {"url": "./data/index/b24.json"}, {"url": "./data/index/b25.json"}, {"url": "./data/index/b26.json"}, {"url": "./data/index/b27.json"}, {"url": "./data/index/b28.json"}, {"url": "./data/index/b29.json"}, {"url": "./data/index/b30.json"}, {"url": "./data/index/b31.json"}, {"url": "./data/index/b32.json"}, {"url": "./data/index/b33.json"}, {"url": "./data/index/b34.json"}, {"url": "./data/index/b35.json"}, {"url": "./data/index/b36.json"}, {"url": "./data/index/b37.json"}, {"url": "./data/index/b38.json"}, {"url": "./data/index/b39.json"}, {"url": "./data/index/b40.json"}, {"url": "./data/index/b41.json"}, {"url": "./data/index/b42.json"}, {"url": "./data/index/b43.json"}, {"url": "./data/index/b44.json"}, {"url": "./data/index/b45.json"}, {"url": "./data/index/b46.json"}, {"url": "./data/index/b47.json"}, {"url": "./data/index/b48.json"}, {"url": "./data/index/b49.json"}, {"url": "./data/index/b50.json"}, {"url": "./data/index/b51.json"}, {"url": "./data/index/b52.json"}]}}, {"type": "layer", "id": 2, "properties": {"name": "vancouver-area-dem", "queryable": 1, "visible": true, "type": "dem", "shading": true}, "data": [{"type": "block", "layer": 2, "block": 0, "grid": {"width": 269, "height": 149, "url": "./data/index/c0.bin"}, "width": 100.0, "height": 55.43608124253286, "translate": [0.0, 0.0, 0.0], "zShift": 0.0, "zScale": 0.10107933521433102, "material": {"type": 0, "image": {"url": "./data/index/c0.png"}, "ds": 1}, "sides": true}]}]}